,state,state_name,state_abbrev,state_population,state_swing,death_proportion,state_pop_density,hospitals_per_head,median_salary,race pop,population,perc_of_pop_race
0,Alaska,Alaska,Alaska,724357,0.0,0.040863828195213135,1.2694,3.276299716778923e-05,"50,000.00",white_pop,437714,0.6042793815756595
1,Alabama,Alabama,Ala.,4934193,0.0,0.13734768785898727,97.4271,1.9396795108741385e-05,"46,000.00",white_pop,3192955,0.6471078451937328
2,Arkansas,Arkansas,Ark.,3033946,0.0,0.14255362488323786,58.3059,3.011510057621537e-05,"42,000.00",white_pop,2171931,0.7158766174480363
3,Arizona,Arizona,Ariz.,7520103,1.0,0.1666599513331134,66.2016,1.349402668929339e-05,"43,000.00",white_pop,3929213,0.5224945722153008
4,California,California,Calif.,39613493,3.0,0.13017029323821558,254.2929,9.407324336285771e-06,"48,200.00",white_pop,14356081,0.36240381528586735
5,Colorado,Colorado,Colo.,5893634,3.0,0.042265943219412676,56.8653,1.5292519701125808e-05,"46,000.00",white_pop,3888129,0.6597167384333673
6,Connecticut,Connecticut,Conn.,3552821,3.0,0.10574695432165032,733.7507,9.710593356659398e-06,"55,000.00",white_pop,2339665,0.6585372581393771
7,Delaware,Delaware,Del.,990334,3.0,0.07391445714274174,508.1242,1.3172688027213313e-05,"44,000.00",white_pop,597001,0.6028279348179503
8,Florida,Florida,Fla.,21944577,0.0,0.12139673505668394,409.2229,1.1537884735713976e-05,"40,000.00",white_pop,11378457,0.5185088325010776
9,Georgia,Georgia,Ga.,10830007,1.0,0.10792236791721371,188.3054,1.3351502809235498e-05,"42,000.00",white_pop,5502156,0.5080473170515957
10,Hawaii,Hawaii,Hawaii,1406430,3.0,0.022681541207169927,218.9678,1.665605055131266e-05,"48,000.00",white_pop,305020,0.21687535106617464
11,Iowa,Iowa,Iowa,3167974,0.0,0.08352341275528145,56.7158,3.6477473264759755e-05,"43,000.00",white_pop,2684701,0.8474504525605324
12,Idaho,Idaho,Idaho,1860123,0.0,0.05182452988323891,22.5079,2.5199273109891108e-05,"45,000.00",white_pop,1458027,0.7838336497102611
13,Illinois,Illinois,Ill.,12569321,3.0,0.10494600304980675,226.3967,1.420162474287376e-05,"50,000.00",white_pop,7690980,0.6118850811432057
14,Indiana,Indiana,Ind.,6805663,0.0,0.12161930439400247,189.9644,1.8015027066777225e-05,"45,000.00",white_pop,5272268,0.7746883734913116
15,Kansas,Kansas,Kans.,2917224,0.0,0.10660820012450192,35.6808,4.4170607247011395e-05,"45,000.00",white_pop,2196485,0.7529366959822077
16,Kentucky,Kentucky,Ky.,4480713,0.0,0.1793910924444391,113.476,2.4194150575987513e-05,"44,000.00",white_pop,3762699,0.8397545212112447
17,Louisiana,Louisiana,La.,4627002,0.0,0.1258914519596058,107.0966,4.4228916871379225e-05,"43,000.00",white_pop,2707712,0.5851979316196535
18,Massachusetts,Massachusetts,Mass.,6912239,3.0,0.1135232737178214,886.1845,1.2750131869411143e-05,"57,000.00",white_pop,4846166,0.7010993109468582
19,Maryland,Maryland,Md.,6065436,3.0,0.08960608932317479,624.8518,8.563488525000874e-06,"55,000.00",white_pop,3011980,0.49658095477390246
20,Maine,Maine,Maine,1354522,3.0,0.03240995716570126,43.9167,2.5495522830446802e-05,"43,000.00",white_pop,1247719,0.9211507823424057
21,Michigan,Michigan,Mich.,9992427,1.0,0.1427881334534643,176.7351,1.427225652076337e-05,"48,000.00",white_pop,7457021,0.746267248187052
22,Minnesota,Minnesota,Minn.,5706398,3.0,0.05025937552901147,71.6641,1.9518141516379438e-05,"50,000.00",white_pop,4451938,0.7801660522101683
23,Missouri,Missouri,Mo.,6169038,0.0,0.12105615170469043,89.7419,2.0689633478531846e-05,"45,000.00",white_pop,4854400,0.7868974060461291
24,Mississippi,Mississippi,Miss.,2966407,0.0,0.21753589443390606,63.2186,3.021896943073128e-05,"37,000.00",white_pop,1675524,0.5648328095234403
25,Montana,Montana,Mont.,1085004,0.0,0.12396267663529352,7.4547,5.087829387197946e-05,"40,000.00",white_pop,916551,0.8447443511728989
26,North Carolina,North Carolina,N.C.,10701022,0.0,0.09005681887206661,220.1041,9.678110581932433e-06,"42,900.00",white_pop,6552128,0.6122899289432355
27,North Dakota,North Dakota,N.D.,770026,0.0,0.09207481305826037,11.1596,5.928333128741839e-05,"46,000.00",white_pop,637376,0.8277330895320417
28,Nebraska,Nebraska,Nebr.,1951996,0.0,0.08796124582222505,25.4087,4.8008463525090874e-05,"45,000.00",white_pop,1515756,0.7765159354834743
29,New Hampshire,New Hampshire,N.H.,1372203,3.0,0.029150205909766996,153.2674,2.043970365930724e-05,"50,000.00",white_pop,1219067,0.8884013516950481
30,New Jersey,New Jersey,N.J.,8874520,3.0,0.12725195278167156,1206.7609,8.689756384541991e-06,"56,000.00",white_pop,4824866,0.5436762777029067
31,New Mexico,New Mexico,N.M.,2105005,3.0,0.10403775763002938,17.354,2.4600004527362397e-05,"38,480.00",white_pop,770678,0.3661169450903917
32,Nevada,Nevada,Nev.,3185786,3.0,0.1585166109713584,29.0195,1.7400414335226366e-05,"45,000.00",white_pop,1473587,0.46255052913158634
33,New York,New York,N.Y.,19299981,3.0,0.3489744368142124,409.54,9.034072609650523e-06,"50,000.00",white_pop,10710524,0.5549499763756244
34,Ohio,Ohio,Ohio,11714618,0.0,0.0864304751550584,286.6944,1.6288879749548327e-05,"46,002.00",white_pop,9157673,0.7817303987206412
35,Oklahoma,Oklahoma,Okla.,3990443,0.0,0.12221700698393637,58.174,3.4856764891466056e-05,"45,000.00",white_pop,2567995,0.6435363191505304
36,Oregon,Oregon,Ore.,4289439,3.0,0.2817384744252104,44.6872,1.3129723708897647e-05,"45,000.00",white_pop,3158958,0.736450151173615
37,Pennsylvania,Pennsylvania,Pa.,12804123,1.0,0.12648269623776653,286.1704,1.583562204503846e-05,"49,088.00",white_pop,9680558,0.7560500629367587
38,Rhode Island,Rhode Island,R.I.,1061509,3.0,0.11822791893427187,1026.6044,1.2618726685303823e-05,"50,000.00",white_pop,750077,0.7066138864578633
39,South Carolina,South Carolina,S.C.,5277830,0.0,0.12993976691178002,175.5707,1.442214831830952e-05,"45,000.00",white_pop,3271797,0.6199132977000017
40,South Dakota,South Dakota,S.D.,896581,0.0,0.07807437364833741,11.8265,6.564064602918741e-05,"40,000.00",white_pop,721020,0.8041883555417748
41,Tennessee,Tennessee,Tenn.,6944260,0.0,0.13802766601480934,168.4069,1.8549890275447162e-05,"42,000.00",white_pop,5006712,0.7209856773795912
42,Texas,Texas,Tex.,29730311,0.0,0.1256259983287763,113.8081,1.5183428657777294e-05,"45,000.00",white_pop,11929568,0.4012594419210751
43,Utah,Utah,Utah,3310774,0.0,0.017669584212030177,40.2918,1.6058068036761634e-05,"45,000.00",white_pop,2490644,0.7522845111143195
44,Virginia,Virginia,Va.,8603985,3.0,0.06639946489911361,217.8776,1.0365921755339841e-05,"54,000.00",white_pop,5212705,0.6058477554296061
45,Vermont,Vermont,Vt.,623251,3.0,0.01203367503622136,67.6197,2.5247217469933518e-05,"50,000.00",white_pop,576892,0.9256174478661086
46,Washington,Washington,Wash.,7796941,3.0,0.03633476256906395,117.3249,1.2204516455471718e-05,"54,000.00",white_pop,5126694,0.6575263298773198
47,Wisconsin,Wisconsin,Wis.,5852490,1.0,0.1378216793194008,108.0633,2.240169144189414e-05,"45,000.00",white_pop,4704609,0.8038645089525996
48,West Virginia,West Virginia,W.Va.,1767859,0.0,0.10283625560635774,73.5443,3.147913480941002e-05,"39,185.00",white_pop,1649468,0.933031423886181
49,Wyoming,Wyoming,Wyo.,581075,0.0,0.053177300692681666,5.9847,4.7920494211880216e-05,"45,000.00",white_pop,484403,0.833632491502818
50,Alaska,Alaska,Alaska,724357,0.0,0.040863828195213135,1.2694,3.276299716778923e-05,"50,000.00",black_pop,21773,0.030058382813999175
51,Alabama,Alabama,Ala.,4934193,0.0,0.13734768785898727,97.4271,1.9396795108741385e-05,"46,000.00",black_pop,1312821,0.2660660010664358
52,Arkansas,Arkansas,Ark.,3033946,0.0,0.14255362488323786,58.3059,3.011510057621537e-05,"42,000.00",black_pop,464996,0.15326442856926262
53,Arizona,Arizona,Ariz.,7520103,1.0,0.1666599513331134,66.2016,1.349402668929339e-05,"43,000.00",black_pop,319045,0.042425615712976275
54,California,California,Calif.,39613493,3.0,0.13017029323821558,254.2929,9.407324336285771e-06,"48,200.00",black_pop,2171989,0.05482952487931322
55,Colorado,Colorado,Colo.,5893634,3.0,0.042265943219412676,56.8653,1.5292519701125808e-05,"46,000.00",black_pop,227812,0.03865391030389739
56,Connecticut,Connecticut,Conn.,3552821,3.0,0.10574695432165032,733.7507,9.710593356659398e-06,"55,000.00",black_pop,360830,0.10156154785169307
57,Delaware,Delaware,Del.,990334,3.0,0.07391445714274174,508.1242,1.3172688027213313e-05,"44,000.00",black_pop,213819,0.2159059468825669
58,Florida,Florida,Fla.,21944577,0.0,0.12139673505668394,409.2229,1.1537884735713976e-05,"40,000.00",black_pop,3272904,0.14914409149923463
59,Georgia,Georgia,Ga.,10830007,1.0,0.10792236791721371,188.3054,1.3351502809235498e-05,"42,000.00",black_pop,3348754,0.30921069580102767
60,Hawaii,Hawaii,Hawaii,1406430,3.0,0.022681541207169927,218.9678,1.665605055131266e-05,"48,000.00",black_pop,25195,0.017914151433061014
61,Iowa,Iowa,Iowa,3167974,0.0,0.08352341275528145,56.7158,3.6477473264759755e-05,"43,000.00",black_pop,125861,0.03972917707026636
62,Idaho,Idaho,Idaho,1860123,0.0,0.05182452988323891,22.5079,2.5199273109891108e-05,"45,000.00",black_pop,12349,0.006638808293860137
63,Illinois,Illinois,Ill.,12569321,3.0,0.10494600304980675,226.3967,1.420162474287376e-05,"50,000.00",black_pop,1759293,0.1399672265510603
64,Indiana,Indiana,Ind.,6805663,0.0,0.12161930439400247,189.9644,1.8015027066777225e-05,"45,000.00",black_pop,632503,0.0929377490481089
65,Kansas,Kansas,Kans.,2917224,0.0,0.10660820012450192,35.6808,4.4170607247011395e-05,"45,000.00",black_pop,161482,0.05535467965435633
66,Kentucky,Kentucky,Ky.,4480713,0.0,0.1793910924444391,113.476,2.4194150575987513e-05,"44,000.00",black_pop,357789,0.07985090765688407
67,Louisiana,Louisiana,La.,4627002,0.0,0.1258914519596058,107.0966,4.4228916871379225e-05,"43,000.00",black_pop,1494358,0.3229646323904766
68,Massachusetts,Massachusetts,Mass.,6912239,3.0,0.1135232737178214,886.1845,1.2750131869411143e-05,"57,000.00",black_pop,489592,0.07082972680776807
69,Maryland,Maryland,Md.,6065436,3.0,0.08960608932317479,624.8518,8.563488525000874e-06,"55,000.00",black_pop,1798416,0.2965023454208403
70,Maine,Maine,Maine,1354522,3.0,0.03240995716570126,43.9167,2.5495522830446802e-05,"43,000.00",black_pop,20542,0.015165497496533833
71,Michigan,Michigan,Mich.,9992427,1.0,0.1427881334534643,176.7351,1.427225652076337e-05,"48,000.00",black_pop,1350329,0.13513523791567353
72,Minnesota,Minnesota,Minn.,5706398,3.0,0.05025937552901147,71.6641,1.9518141516379438e-05,"50,000.00",black_pop,362789,0.06357583189956256
73,Missouri,Missouri,Mo.,6169038,0.0,0.12105615170469043,89.7419,2.0689633478531846e-05,"45,000.00",black_pop,697316,0.11303480380571493
74,Mississippi,Mississippi,Miss.,2966407,0.0,0.21753589443390606,63.2186,3.021896943073128e-05,"37,000.00",black_pop,1125175,0.3793056718110495
75,Montana,Montana,Mont.,1085004,0.0,0.12396267663529352,7.4547,5.087829387197946e-05,"40,000.00",black_pop,6167,0.005683850013456172
76,North Carolina,North Carolina,N.C.,10701022,0.0,0.09005681887206661,220.1041,9.678110581932433e-06,"42,900.00",black_pop,2214270,0.20692135760490915
77,North Dakota,North Dakota,N.D.,770026,0.0,0.09207481305826037,11.1596,5.928333128741839e-05,"46,000.00",black_pop,21758,0.02825618875206811
78,Nebraska,Nebraska,Nebr.,1951996,0.0,0.08796124582222505,25.4087,4.8008463525090874e-05,"45,000.00",black_pop,92057,0.047160445000911884
79,New Hampshire,New Hampshire,N.H.,1372203,3.0,0.029150205909766996,153.2674,2.043970365930724e-05,"50,000.00",black_pop,19469,0.01418813397143134
80,New Jersey,New Jersey,N.J.,8874520,3.0,0.12725195278167156,1206.7609,8.689756384541991e-06,"56,000.00",black_pop,1124643,0.1267271920058775
81,New Mexico,New Mexico,N.M.,2105005,3.0,0.10403775763002938,17.354,2.4600004527362397e-05,"38,480.00",black_pop,39742,0.018879765131199214
82,Nevada,Nevada,Nev.,3185786,3.0,0.1585166109713584,29.0195,1.7400414335226366e-05,"45,000.00",black_pop,285369,0.08957569654710015
83,New York,New York,N.Y.,19299981,3.0,0.3489744368142124,409.54,9.034072609650523e-06,"50,000.00",black_pop,2763709,0.143197498484584
84,Ohio,Ohio,Ohio,11714618,0.0,0.0864304751550584,286.6944,1.6288879749548327e-05,"46,002.00",black_pop,1445171,0.12336475675092436
85,Oklahoma,Oklahoma,Okla.,3990443,0.0,0.12221700698393637,58.174,3.4856764891466056e-05,"45,000.00",black_pop,281284,0.07048941683918301
86,Oregon,Oregon,Ore.,4289439,3.0,0.2817384744252104,44.6872,1.3129723708897647e-05,"45,000.00",black_pop,75363,0.01756943040803238
87,Pennsylvania,Pennsylvania,Pa.,12804123,1.0,0.12648269623776653,286.1704,1.583562204503846e-05,"49,088.00",black_pop,1374488,0.10734729742911717
88,Rhode Island,Rhode Island,R.I.,1061509,3.0,0.11822791893427187,1026.6044,1.2618726685303823e-05,"50,000.00",black_pop,61201,0.05765471606929381
89,South Carolina,South Carolina,S.C.,5277830,0.0,0.12993976691178002,175.5707,1.442214831830952e-05,"45,000.00",black_pop,1354547,0.25664847105723376
90,South Dakota,South Dakota,S.D.,896581,0.0,0.07807437364833741,11.8265,6.564064602918741e-05,"40,000.00",black_pop,20313,0.022656067884552537
91,Tennessee,Tennessee,Tenn.,6944260,0.0,0.13802766601480934,168.4069,1.8549890275447162e-05,"42,000.00",black_pop,1132469,0.16307986740127817
92,Texas,Texas,Tex.,29730311,0.0,0.1256259983287763,113.8081,1.5183428657777294e-05,"45,000.00",black_pop,3442881,0.11580373309919294
93,Utah,Utah,Utah,3310774,0.0,0.017669584212030177,40.2918,1.6058068036761634e-05,"45,000.00",black_pop,34368,0.010380654191436805
94,Virginia,Virginia,Va.,8603985,3.0,0.06639946489911361,217.8776,1.0365921755339841e-05,"54,000.00",black_pop,1625942,0.1889754573026336
95,Vermont,Vermont,Vt.,623251,3.0,0.01203367503622136,67.6197,2.5247217469933518e-05,"50,000.00",black_pop,8127,0.013039690269249468
96,Washington,Washington,Wash.,7796941,3.0,0.03633476256906395,117.3249,1.2204516455471718e-05,"54,000.00",black_pop,295239,0.03786600411622969
97,Wisconsin,Wisconsin,Wis.,5852490,1.0,0.1378216793194008,108.0633,2.240169144189414e-05,"45,000.00",black_pop,366735,0.06266307161567128
98,West Virginia,West Virginia,W.Va.,1767859,0.0,0.10283625560635774,73.5443,3.147913480941002e-05,"39,185.00",black_pop,64996,0.036765375519201476
99,Wyoming,Wyoming,Wyo.,581075,0.0,0.053177300692681666,5.9847,4.7920494211880216e-05,"45,000.00",black_pop,6425,0.011057092457944328
100,Alaska,Alaska,Alaska,724357,0.0,0.040863828195213135,1.2694,3.276299716778923e-05,"50,000.00",native_pop,113467,0.15664513492656246
101,Alabama,Alabama,Ala.,4934193,0.0,0.13734768785898727,97.4271,1.9396795108741385e-05,"46,000.00",native_pop,19364,0.003924451272984255
102,Arkansas,Arkansas,Ark.,3033946,0.0,0.14255362488323786,58.3059,3.011510057621537e-05,"42,000.00",native_pop,16216,0.005344854522789793
103,Arizona,Arizona,Ariz.,7520103,1.0,0.1666599513331134,66.2016,1.349402668929339e-05,"43,000.00",native_pop,289161,0.03845173397226075
104,California,California,Calif.,39613493,3.0,0.13017029323821558,254.2929,9.407324336285771e-06,"48,200.00",native_pop,149063,0.0037629350181262733
105,Colorado,Colorado,Colo.,5893634,3.0,0.042265943219412676,56.8653,1.5292519701125808e-05,"46,000.00",native_pop,31851,0.005404305730556054
106,Connecticut,Connecticut,Conn.,3552821,3.0,0.10574695432165032,733.7507,9.710593356659398e-06,"55,000.00",native_pop,5738,0.0016150546284206268
107,Delaware,Delaware,Del.,990334,3.0,0.07391445714274174,508.1242,1.3172688027213313e-05,"44,000.00",native_pop,3195,0.0032261842974188504
108,Florida,Florida,Fla.,21944577,0.0,0.12139673505668394,409.2229,1.1537884735713976e-05,"40,000.00",native_pop,42758,0.0019484540531357702
109,Georgia,Georgia,Ga.,10830007,1.0,0.10792236791721371,188.3054,1.3351502809235498e-05,"42,000.00",native_pop,19850,0.0018328704681354316
110,Hawaii,Hawaii,Hawaii,1406430,3.0,0.022681541207169927,218.9678,1.665605055131266e-05,"48,000.00",native_pop,3133,0.002227625974986313
111,Iowa,Iowa,Iowa,3167974,0.0,0.08352341275528145,56.7158,3.6477473264759755e-05,"43,000.00",native_pop,9771,0.003084305616144577
112,Idaho,Idaho,Idaho,1860123,0.0,0.05182452988323891,22.5079,2.5199273109891108e-05,"45,000.00",native_pop,18354,0.00986708943440837
113,Illinois,Illinois,Ill.,12569321,3.0,0.10494600304980675,226.3967,1.420162474287376e-05,"50,000.00",native_pop,12938,0.0010293316560218329
114,Indiana,Indiana,Ind.,6805663,0.0,0.12161930439400247,189.9644,1.8015027066777225e-05,"45,000.00",native_pop,11852,0.0017414908731155216
115,Kansas,Kansas,Kans.,2917224,0.0,0.10660820012450192,35.6808,4.4170607247011395e-05,"45,000.00",native_pop,19238,0.006594625575547164
116,Kentucky,Kentucky,Ky.,4480713,0.0,0.1793910924444391,113.476,2.4194150575987513e-05,"44,000.00",native_pop,6894,0.0015385944156655425
117,Louisiana,Louisiana,La.,4627002,0.0,0.1258914519596058,107.0966,4.4228916871379225e-05,"43,000.00",native_pop,24272,0.005245729308091935
118,Massachusetts,Massachusetts,Mass.,6912239,3.0,0.1135232737178214,886.1845,1.2750131869411143e-05,"57,000.00",native_pop,13013,0.001882602728291079
119,Maryland,Maryland,Md.,6065436,3.0,0.08960608932317479,624.8518,8.563488525000874e-06,"55,000.00",native_pop,14884,0.002453904385439068
120,Maine,Maine,Maine,1354522,3.0,0.03240995716570126,43.9167,2.5495522830446802e-05,"43,000.00",native_pop,8949,0.0066067586942109464
121,Michigan,Michigan,Mich.,9992427,1.0,0.1427881334534643,176.7351,1.427225652076337e-05,"48,000.00",native_pop,52365,0.005240468606875987
122,Minnesota,Minnesota,Minn.,5706398,3.0,0.05025937552901147,71.6641,1.9518141516379438e-05,"50,000.00",native_pop,51930,0.009100311615137956
123,Missouri,Missouri,Mo.,6169038,0.0,0.12105615170469043,89.7419,2.0689633478531846e-05,"45,000.00",native_pop,23140,0.003750990024700772
124,Mississippi,Mississippi,Miss.,2966407,0.0,0.21753589443390606,63.2186,3.021896943073128e-05,"37,000.00",native_pop,13037,0.004394879057391652
125,Montana,Montana,Mont.,1085004,0.0,0.12396267663529352,7.4547,5.087829387197946e-05,"40,000.00",native_pop,64628,0.05956475736494981
126,North Carolina,North Carolina,N.C.,10701022,0.0,0.09005681887206661,220.1041,9.678110581932433e-06,"42,900.00",native_pop,113771,0.010631788253495788
127,North Dakota,North Dakota,N.D.,770026,0.0,0.09207481305826037,11.1596,5.928333128741839e-05,"46,000.00",native_pop,38164,0.0495619628428131
128,Nebraska,Nebraska,Nebr.,1951996,0.0,0.08796124582222505,25.4087,4.8008463525090874e-05,"45,000.00",native_pop,14464,0.007409851249695184
129,New Hampshire,New Hampshire,N.H.,1372203,3.0,0.029150205909766996,153.2674,2.043970365930724e-05,"50,000.00",native_pop,1524,0.0011106228451621225
130,New Jersey,New Jersey,N.J.,8874520,3.0,0.12725195278167156,1206.7609,8.689756384541991e-06,"56,000.00",native_pop,9261,0.0010435493976012223
131,New Mexico,New Mexico,N.M.,2105005,3.0,0.10403775763002938,17.354,2.4600004527362397e-05,"38,480.00",native_pop,181772,0.08635228894943242
132,Nevada,Nevada,Nev.,3185786,3.0,0.1585166109713584,29.0195,1.7400414335226366e-05,"45,000.00",native_pop,27771,0.008717158026308108
133,New York,New York,N.Y.,19299981,3.0,0.3489744368142124,409.54,9.034072609650523e-06,"50,000.00",native_pop,42268,0.0021900539694831825
134,Ohio,Ohio,Ohio,11714618,0.0,0.0864304751550584,286.6944,1.6288879749548327e-05,"46,002.00",native_pop,16111,0.0013752902570105146
135,Oklahoma,Oklahoma,Okla.,3990443,0.0,0.12221700698393637,58.174,3.4856764891466056e-05,"45,000.00",native_pop,303050,0.0759439490803402
136,Oregon,Oregon,Ore.,4289439,3.0,0.2817384744252104,44.6872,1.3129723708897647e-05,"45,000.00",native_pop,40821,0.009516629097651231
137,Pennsylvania,Pennsylvania,Pa.,12804123,1.0,0.12648269623776653,286.1704,1.583562204503846e-05,"49,088.00",native_pop,17150,0.001339412312737077
138,Rhode Island,Rhode Island,R.I.,1061509,3.0,0.11822791893427187,1026.6044,1.2618726685303823e-05,"50,000.00",native_pop,2291,0.0021582483050073056
139,South Carolina,South Carolina,S.C.,5277830,0.0,0.12993976691178002,175.5707,1.442214831830952e-05,"45,000.00",native_pop,15810,0.002995549307196329
140,South Dakota,South Dakota,S.D.,896581,0.0,0.07807437364833741,11.8265,6.564064602918741e-05,"40,000.00",native_pop,73878,0.0823996939484553
141,Tennessee,Tennessee,Tenn.,6944260,0.0,0.13802766601480934,168.4069,1.8549890275447162e-05,"42,000.00",native_pop,17899,0.0025775244590496324
142,Texas,Texas,Tex.,29730311,0.0,0.1256259983287763,113.8081,1.5183428657777294e-05,"45,000.00",native_pop,77748,0.0026151088698668505
143,Utah,Utah,Utah,3310774,0.0,0.017669584212030177,40.2918,1.6058068036761634e-05,"45,000.00",native_pop,30210,0.009124754513597122
144,Virginia,Virginia,Va.,8603985,3.0,0.06639946489911361,217.8776,1.0365921755339841e-05,"54,000.00",native_pop,17497,0.0020335925736737104
145,Vermont,Vermont,Vt.,623251,3.0,0.01203367503622136,67.6197,2.5247217469933518e-05,"50,000.00",native_pop,2435,0.003906933161759869
146,Washington,Washington,Wash.,7796941,3.0,0.03633476256906395,117.3249,1.2204516455471718e-05,"54,000.00",native_pop,86811,0.011133981903928733
147,Wisconsin,Wisconsin,Wis.,5852490,1.0,0.1378216793194008,108.0633,2.240169144189414e-05,"45,000.00",native_pop,49093,0.008388395366758422
148,West Virginia,West Virginia,W.Va.,1767859,0.0,0.10283625560635774,73.5443,3.147913480941002e-05,"39,185.00",native_pop,3529,0.0019961999231839192
149,Wyoming,Wyoming,Wyo.,581075,0.0,0.053177300692681666,5.9847,4.7920494211880216e-05,"45,000.00",native_pop,12291,0.021152174848341435
150,Alaska,Alaska,Alaska,724357,0.0,0.040863828195213135,1.2694,3.276299716778923e-05,"50,000.00",asian_pop,43322,0.0598075258470616
151,Alabama,Alabama,Ala.,4934193,0.0,0.13734768785898727,97.4271,1.9396795108741385e-05,"46,000.00",asian_pop,65215,0.013216953613285901
152,Arkansas,Arkansas,Ark.,3033946,0.0,0.14255362488323786,58.3059,3.011510057621537e-05,"42,000.00",asian_pop,45839,0.015108706615081482
153,Arizona,Arizona,Ariz.,7520103,1.0,0.1666599513331134,66.2016,1.349402668929339e-05,"43,000.00",asian_pop,235202,0.03127643331480965
154,California,California,Calif.,39613493,3.0,0.13017029323821558,254.2929,9.407324336285771e-06,"48,200.00",asian_pop,5786711,0.14607929172012174
155,Colorado,Colorado,Colo.,5893634,3.0,0.042265943219412676,56.8653,1.5292519701125808e-05,"46,000.00",asian_pop,183793,0.0311850040229848
156,Connecticut,Connecticut,Conn.,3552821,3.0,0.10574695432165032,733.7507,9.710593356659398e-06,"55,000.00",asian_pop,165523,0.04658917519345895
157,Delaware,Delaware,Del.,990334,3.0,0.07391445714274174,508.1242,1.3172688027213313e-05,"44,000.00",asian_pop,36366,0.03672094465099653
158,Florida,Florida,Fla.,21944577,0.0,0.12139673505668394,409.2229,1.1537884735713976e-05,"40,000.00",asian_pop,587358,0.02676551933536928
159,Georgia,Georgia,Ga.,10830007,1.0,0.10792236791721371,188.3054,1.3351502809235498e-05,"42,000.00",asian_pop,435875,0.040246973062898296
160,Hawaii,Hawaii,Hawaii,1406430,3.0,0.022681541207169927,218.9678,1.665605055131266e-05,"48,000.00",asian_pop,539409,0.3835306414112327
161,Iowa,Iowa,Iowa,3167974,0.0,0.08352341275528145,56.7158,3.6477473264759755e-05,"43,000.00",asian_pop,75672,0.02388655967504784
162,Idaho,Idaho,Idaho,1860123,0.0,0.05182452988323891,22.5079,2.5199273109891108e-05,"45,000.00",asian_pop,24186,0.013002365972572781
163,Illinois,Illinois,Ill.,12569321,3.0,0.10494600304980675,226.3967,1.420162474287376e-05,"50,000.00",asian_pop,710119,0.05649621009758602
164,Indiana,Indiana,Ind.,6805663,0.0,0.12161930439400247,189.9644,1.8015027066777225e-05,"45,000.00",asian_pop,169824,0.02495333665507681
165,Kansas,Kansas,Kans.,2917224,0.0,0.10660820012450192,35.6808,4.4170607247011395e-05,"45,000.00",asian_pop,85643,0.02935770444779009
166,Kentucky,Kentucky,Ky.,4480713,0.0,0.1793910924444391,113.476,2.4194150575987513e-05,"44,000.00",asian_pop,72276,0.016130468521416124
167,Louisiana,Louisiana,La.,4627002,0.0,0.1258914519596058,107.0966,4.4228916871379225e-05,"43,000.00",asian_pop,81016,0.01750939377160416
168,Massachusetts,Massachusetts,Mass.,6912239,3.0,0.1135232737178214,886.1845,1.2750131869411143e-05,"57,000.00",asian_pop,470127,0.0680137072806655
169,Maryland,Maryland,Md.,6065436,3.0,0.08960608932317479,624.8518,8.563488525000874e-06,"55,000.00",asian_pop,383867,0.0632876185652606
170,Maine,Maine,Maine,1354522,3.0,0.03240995716570126,43.9167,2.5495522830446802e-05,"43,000.00",asian_pop,15094,0.011143414429592137
171,Michigan,Michigan,Mich.,9992427,1.0,0.1427881334534643,176.7351,1.427225652076337e-05,"48,000.00",asian_pop,325616,0.0325862775880174
172,Minnesota,Minnesota,Minn.,5706398,3.0,0.05025937552901147,71.6641,1.9518141516379438e-05,"50,000.00",asian_pop,283422,0.04966740840719487
173,Missouri,Missouri,Mo.,6169038,0.0,0.12105615170469043,89.7419,2.0689633478531846e-05,"45,000.00",asian_pop,126278,0.020469642106273295
174,Mississippi,Mississippi,Miss.,2966407,0.0,0.21753589443390606,63.2186,3.021896943073128e-05,"37,000.00",asian_pop,30836,0.010395067163743882
175,Montana,Montana,Mont.,1085004,0.0,0.12396267663529352,7.4547,5.087829387197946e-05,"40,000.00",asian_pop,8675,0.00799536222907934
176,North Carolina,North Carolina,N.C.,10701022,0.0,0.09005681887206661,220.1041,9.678110581932433e-06,"42,900.00",asian_pop,307366,0.028723050938499146
177,North Dakota,North Dakota,N.D.,770026,0.0,0.09207481305826037,11.1596,5.928333128741839e-05,"46,000.00",asian_pop,10630,0.013804728671499403
178,Nebraska,Nebraska,Nebr.,1951996,0.0,0.08796124582222505,25.4087,4.8008463525090874e-05,"45,000.00",asian_pop,47389,0.02427720138770776
179,New Hampshire,New Hampshire,N.H.,1372203,3.0,0.029150205909766996,153.2674,2.043970365930724e-05,"50,000.00",asian_pop,35761,0.026061012838479437
180,New Jersey,New Jersey,N.J.,8874520,3.0,0.12725195278167156,1206.7609,8.689756384541991e-06,"56,000.00",asian_pop,849020,0.09566939958442823
181,New Mexico,New Mexico,N.M.,2105005,3.0,0.10403775763002938,17.354,2.4600004527362397e-05,"38,480.00",asian_pop,33694,0.016006612810895937
182,Nevada,Nevada,Nev.,3185786,3.0,0.1585166109713584,29.0195,1.7400414335226366e-05,"45,000.00",asian_pop,256708,0.08057917261234747
183,New York,New York,N.Y.,19299981,3.0,0.3489744368142124,409.54,9.034072609650523e-06,"50,000.00",asian_pop,1669362,0.0864955255655433
184,Ohio,Ohio,Ohio,11714618,0.0,0.0864304751550584,286.6944,1.6288879749548327e-05,"46,002.00",asian_pop,273219,0.023322911596434473
185,Oklahoma,Oklahoma,Okla.,3990443,0.0,0.12221700698393637,58.174,3.4856764891466056e-05,"45,000.00",asian_pop,88647,0.02221482677487186
186,Oregon,Oregon,Ore.,4289439,3.0,0.2817384744252104,44.6872,1.3129723708897647e-05,"45,000.00",asian_pop,191850,0.04472612852170179
187,Pennsylvania,Pennsylvania,Pa.,12804123,1.0,0.12648269623776653,286.1704,1.583562204503846e-05,"49,088.00",asian_pop,450916,0.03521646894519836
188,Rhode Island,Rhode Island,R.I.,1061509,3.0,0.11822791893427187,1026.6044,1.2618726685303823e-05,"50,000.00",asian_pop,36215,0.03411652656736778
189,South Carolina,South Carolina,S.C.,5277830,0.0,0.12993976691178002,175.5707,1.442214831830952e-05,"45,000.00",asian_pop,86100,0.016313522792511317
190,South Dakota,South Dakota,S.D.,896581,0.0,0.07807437364833741,11.8265,6.564064602918741e-05,"40,000.00",asian_pop,11530,0.012859964688076148
191,Tennessee,Tennessee,Tenn.,6944260,0.0,0.13802766601480934,168.4069,1.8549890275447162e-05,"42,000.00",asian_pop,124108,0.01787202668102865
192,Texas,Texas,Tex.,29730311,0.0,0.1256259983287763,113.8081,1.5183428657777294e-05,"45,000.00",asian_pop,1430236,0.04810699760254778
193,Utah,Utah,Utah,3310774,0.0,0.017669584212030177,40.2918,1.6058068036761634e-05,"45,000.00",asian_pop,75560,0.022822457830102567
194,Virginia,Virginia,Va.,8603985,3.0,0.06639946489911361,217.8776,1.0365921755339841e-05,"54,000.00",asian_pop,560030,0.06508960673455381
195,Vermont,Vermont,Vt.,623251,3.0,0.01203367503622136,67.6197,2.5247217469933518e-05,"50,000.00",asian_pop,8470,0.013590030340905992
196,Washington,Washington,Wash.,7796941,3.0,0.03633476256906395,117.3249,1.2204516455471718e-05,"54,000.00",asian_pop,680421,0.08726768613485725
197,Wisconsin,Wisconsin,Wis.,5852490,1.0,0.1378216793194008,108.0633,2.240169144189414e-05,"45,000.00",asian_pop,166443,0.028439689773070948
198,West Virginia,West Virginia,W.Va.,1767859,0.0,0.10283625560635774,73.5443,3.147913480941002e-05,"39,185.00",asian_pop,14085,0.007967264357621281
199,Wyoming,Wyoming,Wyo.,581075,0.0,0.053177300692681666,5.9847,4.7920494211880216e-05,"45,000.00",asian_pop,4544,0.007819988813836424
200,Alaska,Alaska,Alaska,724357,0.0,0.040863828195213135,1.2694,3.276299716778923e-05,"50,000.00",pacific_pop,9715,0.013411894963395121
201,Alabama,Alabama,Ala.,4934193,0.0,0.13734768785898727,97.4271,1.9396795108741385e-05,"46,000.00",pacific_pop,1520,0.00030805442754265996
202,Arkansas,Arkansas,Ark.,3033946,0.0,0.14255362488323786,58.3059,3.011510057621537e-05,"42,000.00",pacific_pop,12673,0.004177068411896586
203,Arizona,Arizona,Ariz.,7520103,1.0,0.1666599513331134,66.2016,1.349402668929339e-05,"43,000.00",pacific_pop,13361,0.0017767043882244698
204,California,California,Calif.,39613493,3.0,0.13017029323821558,254.2929,9.407324336285771e-06,"48,200.00",pacific_pop,141846,0.003580749619832818
205,Colorado,Colorado,Colo.,5893634,3.0,0.042265943219412676,56.8653,1.5292519701125808e-05,"46,000.00",pacific_pop,6727,0.001141401043906018
206,Connecticut,Connecticut,Conn.,3552821,3.0,0.10574695432165032,733.7507,9.710593356659398e-06,"55,000.00",pacific_pop,1155,0.0003250937775925103
207,Delaware,Delaware,Del.,990334,3.0,0.07391445714274174,508.1242,1.3172688027213313e-05,"44,000.00",pacific_pop,428,0.0004321774270094736
208,Florida,Florida,Fla.,21944577,0.0,0.12139673505668394,409.2229,1.1537884735713976e-05,"40,000.00",pacific_pop,13927,0.000634644267693107
209,Georgia,Georgia,Ga.,10830007,1.0,0.10792236791721371,188.3054,1.3351502809235498e-05,"42,000.00",pacific_pop,5811,0.0005365647501428208
210,Hawaii,Hawaii,Hawaii,1406430,3.0,0.022681541207169927,218.9678,1.665605055131266e-05,"48,000.00",pacific_pop,140656,0.100009243261307
211,Iowa,Iowa,Iowa,3167974,0.0,0.08352341275528145,56.7158,3.6477473264759755e-05,"43,000.00",pacific_pop,1406,0.00044381677374877445
212,Idaho,Idaho,Idaho,1860123,0.0,0.05182452988323891,22.5079,2.5199273109891108e-05,"45,000.00",pacific_pop,2289,0.001230563785298069
213,Illinois,Illinois,Ill.,12569321,3.0,0.10494600304980675,226.3967,1.420162474287376e-05,"50,000.00",pacific_pop,2897,0.000230481821571746
214,Indiana,Indiana,Ind.,6805663,0.0,0.12161930439400247,189.9644,1.8015027066777225e-05,"45,000.00",pacific_pop,2726,0.0004005487782747985
215,Kansas,Kansas,Kans.,2917224,0.0,0.10660820012450192,35.6808,4.4170607247011395e-05,"45,000.00",pacific_pop,2092,0.0007171201114484181
216,Kentucky,Kentucky,Ky.,4480713,0.0,0.1793910924444391,113.476,2.4194150575987513e-05,"44,000.00",pacific_pop,3903,0.0008710667253180465
217,Louisiana,Louisiana,La.,4627002,0.0,0.1258914519596058,107.0966,4.4228916871379225e-05,"43,000.00",pacific_pop,938,0.00020272305912121932
218,Massachusetts,Massachusetts,Mass.,6912239,3.0,0.1135232737178214,886.1845,1.2750131869411143e-05,"57,000.00",pacific_pop,2473,0.00035777119396479204
219,Maryland,Maryland,Md.,6065436,3.0,0.08960608932317479,624.8518,8.563488525000874e-06,"55,000.00",pacific_pop,2297,0.0003787031962747608
220,Maine,Maine,Maine,1354522,3.0,0.03240995716570126,43.9167,2.5495522830446802e-05,"43,000.00",pacific_pop,222,0.0001638954553709722
221,Michigan,Michigan,Mich.,9992427,1.0,0.1427881334534643,176.7351,1.427225652076337e-05,"48,000.00",pacific_pop,1900,0.0001901439960482073
222,Minnesota,Minnesota,Minn.,5706398,3.0,0.05025937552901147,71.6641,1.9518141516379438e-05,"50,000.00",pacific_pop,2618,0.00045878328150262214
223,Missouri,Missouri,Mo.,6169038,0.0,0.12105615170469043,89.7419,2.0689633478531846e-05,"45,000.00",pacific_pop,8469,0.0013728234450817128
224,Mississippi,Mississippi,Miss.,2966407,0.0,0.21753589443390606,63.2186,3.021896943073128e-05,"37,000.00",pacific_pop,175,5.899392767074781e-05
225,Montana,Montana,Mont.,1085004,0.0,0.12396267663529352,7.4547,5.087829387197946e-05,"40,000.00",pacific_pop,224,0.00020645085179409476
226,North Carolina,North Carolina,N.C.,10701022,0.0,0.09005681887206661,220.1041,9.678110581932433e-06,"42,900.00",pacific_pop,5003,0.00046752543822449857
227,North Dakota,North Dakota,N.D.,770026,0.0,0.09207481305826037,11.1596,5.928333128741839e-05,"46,000.00",pacific_pop,2792,0.0036258515946214803
228,Nebraska,Nebraska,Nebr.,1951996,0.0,0.08796124582222505,25.4087,4.8008463525090874e-05,"45,000.00",pacific_pop,1733,0.0008878091963303203
229,New Hampshire,New Hampshire,N.H.,1372203,3.0,0.029150205909766996,153.2674,2.043970365930724e-05,"50,000.00",pacific_pop,667,0.0004860796835453646
230,New Jersey,New Jersey,N.J.,8874520,3.0,0.12725195278167156,1206.7609,8.689756384541991e-06,"56,000.00",pacific_pop,2714,0.00030581935699057526
231,New Mexico,New Mexico,N.M.,2105005,3.0,0.10403775763002938,17.354,2.4600004527362397e-05,"38,480.00",pacific_pop,629,0.000298811641777573
232,Nevada,Nevada,Nev.,3185786,3.0,0.1585166109713584,29.0195,1.7400414335226366e-05,"45,000.00",pacific_pop,20153,0.006325911407734229
233,New York,New York,N.Y.,19299981,3.0,0.3489744368142124,409.54,9.034072609650523e-06,"50,000.00",pacific_pop,3725,0.0001930053713524381
234,Ohio,Ohio,Ohio,11714618,0.0,0.0864304751550584,286.6944,1.6288879749548327e-05,"46,002.00",pacific_pop,4296,0.00036672130495420336
235,Oklahoma,Oklahoma,Okla.,3990443,0.0,0.12221700698393637,58.174,3.4856764891466056e-05,"45,000.00",pacific_pop,3543,0.0008878713466148997
236,Oregon,Oregon,Ore.,4289439,3.0,0.2817384744252104,44.6872,1.3129723708897647e-05,"45,000.00",pacific_pop,13164,0.003068932790511766
237,Pennsylvania,Pennsylvania,Pa.,12804123,1.0,0.12648269623776653,286.1704,1.583562204503846e-05,"49,088.00",pacific_pop,2595,0.00020266909338499794
238,Rhode Island,Rhode Island,R.I.,1061509,3.0,0.11822791893427187,1026.6044,1.2618726685303823e-05,"50,000.00",pacific_pop,250,0.00023551378273759338
239,South Carolina,South Carolina,S.C.,5277830,0.0,0.12993976691178002,175.5707,1.442214831830952e-05,"45,000.00",pacific_pop,7376,0.0013975440664060798
240,South Dakota,South Dakota,S.D.,896581,0.0,0.07807437364833741,11.8265,6.564064602918741e-05,"40,000.00",pacific_pop,2073,0.0023121168081857634
241,Tennessee,Tennessee,Tenn.,6944260,0.0,0.13802766601480934,168.4069,1.8549890275447162e-05,"42,000.00",pacific_pop,3374,0.00048586890467810823
242,Texas,Texas,Tex.,29730311,0.0,0.1256259983287763,113.8081,1.5183428657777294e-05,"45,000.00",pacific_pop,21484,0.0007226295076428901
243,Utah,Utah,Utah,3310774,0.0,0.017669584212030177,40.2918,1.6058068036761634e-05,"45,000.00",pacific_pop,29108,0.008791901833226912
244,Virginia,Virginia,Va.,8603985,3.0,0.06639946489911361,217.8776,1.0365921755339841e-05,"54,000.00",pacific_pop,4347,0.0005052310063302063
245,Vermont,Vermont,Vt.,623251,3.0,0.01203367503622136,67.6197,2.5247217469933518e-05,"50,000.00",pacific_pop,336,0.000539108641622717
246,Washington,Washington,Wash.,7796941,3.0,0.03633476256906395,117.3249,1.2204516455471718e-05,"54,000.00",pacific_pop,48667,0.006241806882981415
247,Wisconsin,Wisconsin,Wis.,5852490,1.0,0.1378216793194008,108.0633,2.240169144189414e-05,"45,000.00",pacific_pop,3903,0.0006668956290399471
248,West Virginia,West Virginia,W.Va.,1767859,0.0,0.10283625560635774,73.5443,3.147913480941002e-05,"39,185.00",pacific_pop,286,0.0001617776078295837
249,Wyoming,Wyoming,Wyo.,581075,0.0,0.053177300692681666,5.9847,4.7920494211880216e-05,"45,000.00",pacific_pop,717,0.0012339198898593125
250,Alaska,Alaska,Alaska,724357,0.0,0.040863828195213135,1.2694,3.276299716778923e-05,"50,000.00",other_pop,2096,0.0028936008073367136
251,Alabama,Alabama,Ala.,4934193,0.0,0.13734768785898727,97.4271,1.9396795108741385e-05,"46,000.00",other_pop,9623,0.0019502682606861953
252,Arkansas,Arkansas,Ark.,3033946,0.0,0.14255362488323786,58.3059,3.011510057621537e-05,"42,000.00",other_pop,3094,0.0010197940240202034
253,Arizona,Arizona,Ariz.,7520103,1.0,0.1666599513331134,66.2016,1.349402668929339e-05,"43,000.00",other_pop,10110,0.0013443964796758768
254,California,California,Calif.,39613493,3.0,0.13017029323821558,254.2929,9.407324336285771e-06,"48,200.00",other_pop,107538,0.0027146810810144916
255,Colorado,Colorado,Colo.,5893634,3.0,0.042265943219412676,56.8653,1.5292519701125808e-05,"46,000.00",other_pop,8905,0.0015109523258485342
256,Connecticut,Connecticut,Conn.,3552821,3.0,0.10574695432165032,733.7507,9.710593356659398e-06,"55,000.00",other_pop,11912,0.0033528286395515003
257,Delaware,Delaware,Del.,990334,3.0,0.07391445714274174,508.1242,1.3172688027213313e-05,"44,000.00",other_pop,4046,0.004085490349720397
258,Florida,Florida,Fla.,21944577,0.0,0.12139673505668394,409.2229,1.1537884735713976e-05,"40,000.00",other_pop,82214,0.00374643812911044
259,Georgia,Georgia,Ga.,10830007,1.0,0.10792236791721371,188.3054,1.3351502809235498e-05,"42,000.00",other_pop,36739,0.003392333910772172
260,Hawaii,Hawaii,Hawaii,1406430,3.0,0.022681541207169927,218.9678,1.665605055131266e-05,"48,000.00",other_pop,3631,0.0025817139850543573
261,Iowa,Iowa,Iowa,3167974,0.0,0.08352341275528145,56.7158,3.6477473264759755e-05,"43,000.00",other_pop,3158,0.0009968516155751278
262,Idaho,Idaho,Idaho,1860123,0.0,0.05182452988323891,22.5079,2.5199273109891108e-05,"45,000.00",other_pop,2487,0.0013370083591246384
263,Illinois,Illinois,Ill.,12569321,3.0,0.10494600304980675,226.3967,1.420162474287376e-05,"50,000.00",other_pop,22113,0.001759283576256824
264,Indiana,Indiana,Ind.,6805663,0.0,0.12161930439400247,189.9644,1.8015027066777225e-05,"45,000.00",other_pop,14484,0.002128227624553258
265,Kansas,Kansas,Kans.,2917224,0.0,0.10660820012450192,35.6808,4.4170607247011395e-05,"45,000.00",other_pop,4072,0.0013958475591864046
266,Kentucky,Kentucky,Ky.,4480713,0.0,0.1793910924444391,113.476,2.4194150575987513e-05,"44,000.00",other_pop,6168,0.0013765666312481964
267,Louisiana,Louisiana,La.,4627002,0.0,0.1258914519596058,107.0966,4.4228916871379225e-05,"43,000.00",other_pop,11477,0.002480439818266774
268,Massachusetts,Massachusetts,Mass.,6912239,3.0,0.1135232737178214,886.1845,1.2750131869411143e-05,"57,000.00",other_pop,57348,0.00829658812434003
269,Maryland,Maryland,Md.,6065436,3.0,0.08960608932317479,624.8518,8.563488525000874e-06,"55,000.00",other_pop,18960,0.0031259088382104764
270,Maine,Maine,Maine,1354522,3.0,0.03240995716570126,43.9167,2.5495522830446802e-05,"43,000.00",other_pop,2502,0.0018471460780998758
271,Michigan,Michigan,Mich.,9992427,1.0,0.1427881334534643,176.7351,1.427225652076337e-05,"48,000.00",other_pop,10364,0.001037185460549274
272,Minnesota,Minnesota,Minn.,5706398,3.0,0.05025937552901147,71.6641,1.9518141516379438e-05,"50,000.00",other_pop,12703,0.002226097794090072
273,Missouri,Missouri,Mo.,6169038,0.0,0.12105615170469043,89.7419,2.0689633478531846e-05,"45,000.00",other_pop,12046,0.0019526545305767285
274,Mississippi,Mississippi,Miss.,2966407,0.0,0.21753589443390606,63.2186,3.021896943073128e-05,"37,000.00",other_pop,3794,0.0012789883519018126
275,Montana,Montana,Mont.,1085004,0.0,0.12396267663529352,7.4547,5.087829387197946e-05,"40,000.00",other_pop,1358,0.0012516082890016995
276,North Carolina,North Carolina,N.C.,10701022,0.0,0.09005681887206661,220.1041,9.678110581932433e-06,"42,900.00",other_pop,21879,0.0020445710699407964
277,North Dakota,North Dakota,N.D.,770026,0.0,0.09207481305826037,11.1596,5.928333128741839e-05,"46,000.00",other_pop,624,0.0008103622475085257
278,Nebraska,Nebraska,Nebr.,1951996,0.0,0.08796124582222505,25.4087,4.8008463525090874e-05,"45,000.00",other_pop,1110,0.0005686487062473488
279,New Hampshire,New Hampshire,N.H.,1372203,3.0,0.029150205909766996,153.2674,2.043970365930724e-05,"50,000.00",other_pop,1433,0.0010443061267174027
280,New Jersey,New Jersey,N.J.,8874520,3.0,0.12725195278167156,1206.7609,8.689756384541991e-06,"56,000.00",other_pop,47706,0.00537561468113205
281,New Mexico,New Mexico,N.M.,2105005,3.0,0.10403775763002938,17.354,2.4600004527362397e-05,"38,480.00",other_pop,3788,0.0017995206662216954
282,Nevada,Nevada,Nev.,3185786,3.0,0.1585166109713584,29.0195,1.7400414335226366e-05,"45,000.00",other_pop,11965,0.003755745050044165
283,New York,New York,N.Y.,19299981,3.0,0.3489744368142124,409.54,9.034072609650523e-06,"50,000.00",other_pop,107705,0.005580575442017274
284,Ohio,Ohio,Ohio,11714618,0.0,0.0864304751550584,286.6944,1.6288879749548327e-05,"46,002.00",other_pop,19236,0.0016420509827977318
285,Oklahoma,Oklahoma,Okla.,3990443,0.0,0.12221700698393637,58.174,3.4856764891466056e-05,"45,000.00",other_pop,3887,0.0009740773142230074
286,Oregon,Oregon,Ore.,4289439,3.0,0.2817384744252104,44.6872,1.3129723708897647e-05,"45,000.00",other_pop,5530,0.0012892128784206978
287,Pennsylvania,Pennsylvania,Pa.,12804123,1.0,0.12648269623776653,286.1704,1.583562204503846e-05,"49,088.00",other_pop,19913,0.0015552021797978666
288,Rhode Island,Rhode Island,R.I.,1061509,3.0,0.11822791893427187,1026.6044,1.2618726685303823e-05,"50,000.00",other_pop,8741,0.008234503899637214
289,South Carolina,South Carolina,S.C.,5277830,0.0,0.12993976691178002,175.5707,1.442214831830952e-05,"45,000.00",other_pop,8058,0.0015267638404419998
290,South Dakota,South Dakota,S.D.,896581,0.0,0.07807437364833741,11.8265,6.564064602918741e-05,"40,000.00",other_pop,241,0.0002687989149892759
291,Tennessee,Tennessee,Tenn.,6944260,0.0,0.13802766601480934,168.4069,1.8549890275447162e-05,"42,000.00",other_pop,15077,0.002171145665628879
292,Texas,Texas,Tex.,29730311,0.0,0.1256259983287763,113.8081,1.5183428657777294e-05,"45,000.00",other_pop,43532,0.0014642295534681759
293,Utah,Utah,Utah,3310774,0.0,0.017669584212030177,40.2918,1.6058068036761634e-05,"45,000.00",other_pop,6713,0.0020276225438522833
294,Virginia,Virginia,Va.,8603985,3.0,0.06639946489911361,217.8776,1.0365921755339841e-05,"54,000.00",other_pop,23329,0.0027114180231601983
295,Vermont,Vermont,Vt.,623251,3.0,0.01203367503622136,67.6197,2.5247217469933518e-05,"50,000.00",other_pop,716,0.0011488148434579326
296,Washington,Washington,Wash.,7796941,3.0,0.03633476256906395,117.3249,1.2204516455471718e-05,"54,000.00",other_pop,14188,0.0018196880032823129
297,Wisconsin,Wisconsin,Wis.,5852490,1.0,0.1378216793194008,108.0633,2.240169144189414e-05,"45,000.00",other_pop,5824,0.0009951319865561495
298,West Virginia,West Virginia,W.Va.,1767859,0.0,0.10283625560635774,73.5443,3.147913480941002e-05,"39,185.00",other_pop,2569,0.0014531701906090927
299,Wyoming,Wyoming,Wyo.,581075,0.0,0.053177300692681666,5.9847,4.7920494211880216e-05,"45,000.00",other_pop,137,0.00023576990921998021
300,Alaska,Alaska,Alaska,724357,0.0,0.040863828195213135,1.2694,3.276299716778923e-05,"50,000.00",hispanic_pop,52548,0.07254433932439391
301,Alabama,Alabama,Ala.,4934193,0.0,0.13734768785898727,97.4271,1.9396795108741385e-05,"46,000.00",hispanic_pop,219296,0.044444147198944184
302,Arkansas,Arkansas,Ark.,3033946,0.0,0.14255362488323786,58.3059,3.011510057621537e-05,"42,000.00",hispanic_pop,231951,0.07645192102957667
303,Arizona,Arizona,Ariz.,7520103,1.0,0.1666599513331134,66.2016,1.349402668929339e-05,"43,000.00",hispanic_pop,2310592,0.30725536605017245
304,California,California,Calif.,39613493,3.0,0.13017029323821558,254.2929,9.407324336285771e-06,"48,200.00",hispanic_pop,15574882,0.39317113489588007
305,Colorado,Colorado,Colo.,5893634,3.0,0.042265943219412676,56.8653,1.5292519701125808e-05,"46,000.00",hispanic_pop,1256903,0.21326451557731613
306,Connecticut,Connecticut,Conn.,3552821,3.0,0.10574695432165032,733.7507,9.710593356659398e-06,"55,000.00",hispanic_pop,600954,0.1691484034799389
307,Delaware,Delaware,Del.,990334,3.0,0.07391445714274174,508.1242,1.3172688027213313e-05,"44,000.00",hispanic_pop,93390,0.09430151847760453
308,Florida,Florida,Fla.,21944577,0.0,0.12139673505668394,409.2229,1.1537884735713976e-05,"40,000.00",hispanic_pop,5663629,0.25808786380343535
309,Georgia,Georgia,Ga.,10830007,1.0,0.10792236791721371,188.3054,1.3351502809235498e-05,"42,000.00",hispanic_pop,1042642,0.09627343731172104
310,Hawaii,Hawaii,Hawaii,1406430,3.0,0.022681541207169927,218.9678,1.665605055131266e-05,"48,000.00",hispanic_pop,150864,0.10726733644760138
311,Iowa,Iowa,Iowa,3167974,0.0,0.08352341275528145,56.7158,3.6477473264759755e-05,"43,000.00",hispanic_pop,197482,0.062337001503168905
312,Idaho,Idaho,Idaho,1860123,0.0,0.05182452988323891,22.5079,2.5199273109891108e-05,"45,000.00",hispanic_pop,229494,0.12337571225128662
313,Illinois,Illinois,Ill.,12569321,3.0,0.10494600304980675,226.3967,1.420162474287376e-05,"50,000.00",hispanic_pop,2216300,0.17632615158766332
314,Indiana,Indiana,Ind.,6805663,0.0,0.12161930439400247,189.9644,1.8015027066777225e-05,"45,000.00",hispanic_pop,485554,0.07134558381747672
315,Kansas,Kansas,Kans.,2917224,0.0,0.10660820012450192,35.6808,4.4170607247011395e-05,"45,000.00",hispanic_pop,354804,0.12162384513496392
316,Kentucky,Kentucky,Ky.,4480713,0.0,0.1793910924444391,113.476,2.4194150575987513e-05,"44,000.00",hispanic_pop,168017,0.037497826796762036
317,Louisiana,Louisiana,La.,4627002,0.0,0.1258914519596058,107.0966,4.4228916871379225e-05,"43,000.00",hispanic_pop,250203,0.05407453897793863
318,Massachusetts,Massachusetts,Mass.,6912239,3.0,0.1135232737178214,886.1845,1.2750131869411143e-05,"57,000.00",hispanic_pop,853735,0.12351063092581145
319,Maryland,Maryland,Md.,6065436,3.0,0.08960608932317479,624.8518,8.563488525000874e-06,"55,000.00",hispanic_pop,643171,0.10603870851163874
320,Maine,Maine,Maine,1354522,3.0,0.03240995716570126,43.9167,2.5495522830446802e-05,"43,000.00",hispanic_pop,23067,0.017029623734424394
321,Michigan,Michigan,Mich.,9992427,1.0,0.1427881334534643,176.7351,1.427225652076337e-05,"48,000.00",hispanic_pop,525973,0.052637162122875655
322,Minnesota,Minnesota,Minn.,5706398,3.0,0.05025937552901147,71.6641,1.9518141516379438e-05,"50,000.00",hispanic_pop,314217,0.05506398256833821
323,Missouri,Missouri,Mo.,6169038,0.0,0.12105615170469043,89.7419,2.0689633478531846e-05,"45,000.00",hispanic_pop,264334,0.04284849598916395
324,Mississippi,Mississippi,Miss.,2966407,0.0,0.21753589443390606,63.2186,3.021896943073128e-05,"37,000.00",hispanic_pop,90143,0.030387940697281256
325,Montana,Montana,Mont.,1085004,0.0,0.12396267663529352,7.4547,5.087829387197946e-05,"40,000.00",hispanic_pop,40328,0.03716852656764399
326,North Carolina,North Carolina,N.C.,10701022,0.0,0.09005681887206661,220.1041,9.678110581932433e-06,"42,900.00",hispanic_pop,1022995,0.09559787840824924
327,North Dakota,North Dakota,N.D.,770026,0.0,0.09207481305826037,11.1596,5.928333128741839e-05,"46,000.00",hispanic_pop,30486,0.03959087095760403
328,Nebraska,Nebraska,Nebr.,1951996,0.0,0.08796124582222505,25.4087,4.8008463525090874e-05,"45,000.00",hispanic_pop,219472,0.11243465662839473
329,New Hampshire,New Hampshire,N.H.,1372203,3.0,0.029150205909766996,153.2674,2.043970365930724e-05,"50,000.00",hispanic_pop,54182,0.03948541141507488
330,New Jersey,New Jersey,N.J.,8874520,3.0,0.12725195278167156,1206.7609,8.689756384541991e-06,"56,000.00",hispanic_pop,1856845,0.20923328811023018
331,New Mexico,New Mexico,N.M.,2105005,3.0,0.10403775763002938,17.354,2.4600004527362397e-05,"38,480.00",hispanic_pop,1032950,0.49071142348830527
332,Nevada,Nevada,Nev.,3185786,3.0,0.1585166109713584,29.0195,1.7400414335226366e-05,"45,000.00",hispanic_pop,900599,0.28269287390929587
333,New York,New York,N.Y.,19299981,3.0,0.3489744368142124,409.54,9.034072609650523e-06,"50,000.00",hispanic_pop,3749257,0.19426221196798069
334,Ohio,Ohio,Ohio,11714618,0.0,0.0864304751550584,286.6944,1.6288879749548327e-05,"46,002.00",hispanic_pop,467589,0.03991500192323813
335,Oklahoma,Oklahoma,Okla.,3990443,0.0,0.12221700698393637,58.174,3.4856764891466056e-05,"45,000.00",hispanic_pop,438106,0.10978881292127216
336,Oregon,Oregon,Ore.,4289439,3.0,0.2817384744252104,44.6872,1.3129723708897647e-05,"45,000.00",hispanic_pop,566839,0.13214758386819347
337,Pennsylvania,Pennsylvania,Pa.,12804123,1.0,0.12648269623776653,286.1704,1.583562204503846e-05,"49,088.00",hispanic_pop,997830,0.0779303666483054
338,Rhode Island,Rhode Island,R.I.,1061509,3.0,0.11822791893427187,1026.6044,1.2618726685303823e-05,"50,000.00",hispanic_pop,172643,0.16263922397266534
339,South Carolina,South Carolina,S.C.,5277830,0.0,0.12993976691178002,175.5707,1.442214831830952e-05,"45,000.00",hispanic_pop,298478,0.056553166737087025
340,South Dakota,South Dakota,S.D.,896581,0.0,0.07807437364833741,11.8265,6.564064602918741e-05,"40,000.00",hispanic_pop,33018,0.03682656670172578
341,Tennessee,Tennessee,Tenn.,6944260,0.0,0.13802766601480934,168.4069,1.8549890275447162e-05,"42,000.00",hispanic_pop,389127,0.0560357763102188
342,Texas,Texas,Tex.,29730311,0.0,0.1256259983287763,113.8081,1.5183428657777294e-05,"45,000.00",hispanic_pop,11524842,0.38764619717567034
343,Utah,Utah,Utah,3310774,0.0,0.017669584212030177,40.2918,1.6058068036761634e-05,"45,000.00",hispanic_pop,462054,0.1395607190342802
344,Virginia,Virginia,Va.,8603985,3.0,0.06639946489911361,217.8776,1.0365921755339841e-05,"54,000.00",hispanic_pop,828154,0.09625237607922375
345,Vermont,Vermont,Vt.,623251,3.0,0.01203367503622136,67.6197,2.5247217469933518e-05,"50,000.00",hispanic_pop,12408,0.01990851197992462
346,Washington,Washington,Wash.,7796941,3.0,0.03633476256906395,117.3249,1.2204516455471718e-05,"54,000.00",hispanic_pop,991723,0.12719385718065584
347,Wisconsin,Wisconsin,Wis.,5852490,1.0,0.1378216793194008,108.0633,2.240169144189414e-05,"45,000.00",hispanic_pop,412769,0.07052878347506787
348,West Virginia,West Virginia,W.Va.,1767859,0.0,0.10283625560635774,73.5443,3.147913480941002e-05,"39,185.00",hispanic_pop,26823,0.015172590121723508
349,Wyoming,Wyoming,Wyo.,581075,0.0,0.053177300692681666,5.9847,4.7920494211880216e-05,"45,000.00",hispanic_pop,58607,0.10085961364711957
